resolution,video_id,subfolder,seconds
2025-11-18_06-38-49,Model_A,youtubematte_motion,0000,15
2025-11-18_06-38-58,Model_A,youtubematte_motion,0001,9
2025-11-18_06-39-07,Model_A,youtubematte_motion,0002,9
2025-11-18_06-39-16,Model_A,youtubematte_motion,0003,9
2025-11-18_06-39-24,Model_A,youtubematte_motion,0004,8
2025-11-18_06-39-33,Model_A,youtubematte_motion,0005,9
2025-11-18_06-39-42,Model_A,youtubematte_motion,0006,9
2025-11-18_06-39-50,Model_A,youtubematte_motion,0007,8
2025-11-18_06-39-59,Model_A,youtubematte_motion,0008,9
2025-11-18_06-40-08,Model_A,youtubematte_motion,0009,9
2025-11-18_06-40-16,Model_A,youtubematte_motion,0010,8
2025-11-18_06-40-25,Model_A,youtubematte_motion,0011,9
2025-11-18_06-40-33,Model_A,youtubematte_motion,0012,8
2025-11-18_06-40-42,Model_A,youtubematte_motion,0013,9
2025-11-18_06-40-50,Model_A,youtubematte_motion,0014,8
2025-11-18_06-40-59,Model_A,youtubematte_motion,0015,9
2025-11-18_06-41-08,Model_A,youtubematte_motion,0016,9
2025-11-18_06-41-16,Model_A,youtubematte_motion,0017,8
2025-11-18_06-41-25,Model_A,youtubematte_motion,0018,9
2025-11-18_06-41-33,Model_A,youtubematte_motion,0019,8
2025-11-18_06-41-42,Model_A,youtubematte_motion,0020,9
2025-11-18_06-41-50,Model_A,youtubematte_motion,0021,8
2025-11-18_06-41-59,Model_A,youtubematte_motion,0022,9
2025-11-18_06-42-08,Model_A,youtubematte_motion,0023,9
2025-11-18_06-42-16,Model_A,youtubematte_motion,0024,8
2025-11-18_06-42-25,Model_A,youtubematte_motion,0025,9
2025-11-18_06-42-33,Model_A,youtubematte_motion,0026,8
2025-11-18_06-42-42,Model_A,youtubematte_motion,0027,9
2025-11-18_06-42-51,Model_A,youtubematte_motion,0028,9
2025-11-18_06-43-00,Model_A,youtubematte_motion,0029,9
2025-11-18_06-43-08,Model_A,youtubematte_motion,0030,8
2025-11-18_06-43-17,Model_A,youtubematte_motion,0031,9
2025-11-18_06-43-25,Model_A,youtubematte_static,0000,8
2025-11-18_06-43-34,Model_A,youtubematte_static,0001,9
2025-11-18_06-43-43,Model_A,youtubematte_static,0002,9
2025-11-18_06-43-51,Model_A,youtubematte_static,0003,8
2025-11-18_06-44-00,Model_A,youtubematte_static,0004,9
2025-11-18_06-44-09,Model_A,youtubematte_static,0005,9
2025-11-18_06-44-17,Model_A,youtubematte_static,0006,8
2025-11-18_06-44-26,Model_A,youtubematte_static,0007,9
2025-11-18_06-44-34,Model_A,youtubematte_static,0008,8
2025-11-18_06-44-43,Model_A,youtubematte_static,0009,9
2025-11-18_06-44-52,Model_A,youtubematte_static,0010,9
2025-11-18_06-45-01,Model_A,youtubematte_static,0011,9
2025-11-18_06-45-09,Model_A,youtubematte_static,0012,8
2025-11-18_06-45-18,Model_A,youtubematte_static,0013,9
2025-11-18_06-45-27,Model_A,youtubematte_static,0014,9
2025-11-18_06-45-35,Model_A,youtubematte_static,0015,8
2025-11-18_06-45-44,Model_A,youtubematte_static,0016,9
2025-11-18_06-45-53,Model_A,youtubematte_static,0017,9
2025-11-18_06-46-02,Model_A,youtubematte_static,0018,9
2025-11-18_06-46-10,Model_A,youtubematte_static,0019,8
2025-11-18_06-46-19,Model_A,youtubematte_static,0020,9
2025-11-18_06-46-27,Model_A,youtubematte_static,0021,8
2025-11-18_06-46-36,Model_A,youtubematte_static,0022,9
2025-11-18_06-46-45,Model_A,youtubematte_static,0023,9
2025-11-18_06-46-54,Model_A,youtubematte_static,0024,9
2025-11-18_06-47-02,Model_A,youtubematte_static,0025,8
2025-11-18_06-47-10,Model_A,youtubematte_static,0026,8
2025-11-18_06-47-19,Model_A,youtubematte_static,0027,9
2025-11-18_06-47-27,Model_A,youtubematte_static,0028,8
2025-11-18_06-47-36,Model_A,youtubematte_static,0029,9
2025-11-18_06-47-44,Model_A,youtubematte_static,0030,8
2025-11-18_06-47-53,Model_A,youtubematte_static,0031,9
2025-11-18_06-48-34,Model_A,youtubematte_motion,0000,41
2025-11-18_06-49-05,Model_A,youtubematte_motion,0001,31
2025-11-18_06-49-36,Model_A,youtubematte_motion,0002,31
2025-11-18_06-50-08,Model_A,youtubematte_motion,0003,32
2025-11-18_06-50-39,Model_A,youtubematte_motion,0004,31
2025-11-18_06-51-11,Model_A,youtubematte_motion,0005,32
2025-11-18_06-51-42,Model_A,youtubematte_motion,0006,31
2025-11-18_06-52-13,Model_A,youtubematte_motion,0007,31
2025-11-18_06-52-44,Model_A,youtubematte_motion,0008,31
2025-11-18_06-53-16,Model_A,youtubematte_motion,0009,32
2025-11-18_06-53-47,Model_A,youtubematte_motion,0010,31
2025-11-18_06-54-19,Model_A,youtubematte_motion,0011,32
2025-11-18_06-54-51,Model_A,youtubematte_motion,0012,32
2025-11-18_06-55-23,Model_A,youtubematte_motion,0013,32
2025-11-18_06-55-54,Model_A,youtubematte_motion,0014,31
2025-11-18_06-56-25,Model_A,youtubematte_motion,0015,31
2025-11-18_06-56-56,Model_A,youtubematte_motion,0016,31
2025-11-18_06-57-27,Model_A,youtubematte_motion,0017,31
2025-11-18_06-57-59,Model_A,youtubematte_motion,0018,32
2025-11-18_06-58-30,Model_A,youtubematte_motion,0019,31
2025-11-18_06-59-02,Model_A,youtubematte_motion,0020,32
2025-11-18_06-59-33,Model_A,youtubematte_motion,0021,31
2025-11-18_07-00-04,Model_A,youtubematte_motion,0022,31
2025-11-18_07-00-37,Model_A,youtubematte_motion,0023,33
2025-11-18_07-01-10,Model_A,youtubematte_motion,0024,33
2025-11-18_07-01-41,Model_A,youtubematte_motion,0025,31
2025-11-18_07-02-13,Model_A,youtubematte_motion,0026,32
2025-11-18_07-02-44,Model_A,youtubematte_motion,0027,31
2025-11-18_07-03-15,Model_A,youtubematte_motion,0028,31
2025-11-18_07-03-46,Model_A,youtubematte_motion,0029,31
2025-11-18_07-04-16,Model_A,youtubematte_motion,0030,30
2025-11-18_07-04-46,Model_A,youtubematte_motion,0031,30
2025-11-18_07-05-17,Model_A,youtubematte_static,0000,31
2025-11-18_07-05-49,Model_A,youtubematte_static,0001,32
2025-11-18_07-06-20,Model_A,youtubematte_static,0002,31
2025-11-18_07-06-51,Model_A,youtubematte_static,0003,31
2025-11-18_07-07-23,Model_A,youtubematte_static,0004,32
2025-11-18_07-07-55,Model_A,youtubematte_static,0005,32
2025-11-18_07-08-27,Model_A,youtubematte_static,0006,32
2025-11-18_07-08-58,Model_A,youtubematte_static,0007,31
2025-11-18_07-09-30,Model_A,youtubematte_static,0008,32
2025-11-18_07-10-02,Model_A,youtubematte_static,0009,32
2025-11-18_07-10-33,Model_A,youtubematte_static,0010,31
2025-11-18_07-11-03,Model_A,youtubematte_static,0011,30
2025-11-18_07-11-35,Model_A,youtubematte_static,0012,32
2025-11-18_07-12-06,Model_A,youtubematte_static,0013,31
2025-11-18_07-12-37,Model_A,youtubematte_static,0014,31
2025-11-18_07-13-08,Model_A,youtubematte_static,0015,31
2025-11-18_07-13-40,Model_A,youtubematte_static,0016,32
2025-11-18_07-14-11,Model_A,youtubematte_static,0017,31
2025-11-18_07-14-42,Model_A,youtubematte_static,0018,31
2025-11-18_07-15-14,Model_A,youtubematte_static,0019,32
2025-11-18_07-15-45,Model_A,youtubematte_static,0020,31
2025-11-18_07-16-15,Model_A,youtubematte_static,0021,30
2025-11-18_07-16-46,Model_A,youtubematte_static,0022,31
2025-11-18_07-17-18,Model_A,youtubematte_static,0023,32
2025-11-18_07-17-51,Model_A,youtubematte_static,0024,33
2025-11-18_07-18-23,Model_A,youtubematte_static,0025,32
2025-11-18_07-18-54,Model_A,youtubematte_static,0026,31
2025-11-18_07-19-24,Model_A,youtubematte_static,0027,30
2025-11-18_07-19-55,Model_A,youtubematte_static,0028,31
2025-11-18_07-20-26,Model_A,youtubematte_static,0029,31
2025-11-18_07-20-56,Model_A,youtubematte_static,0030,30
2025-11-18_07-21-27,Model_A,youtubematte_static,0031,31
